ejection_fraction,hazard_ratio,lower_95,upper_95,reference_ejection_fraction
14,12.289288095097646,5.164102081055662,29.24547181945624,40
14.442953020134228,11.42949502662878,4.946276331056537,26.410444508228363,40
14.885906040268456,10.630429000859696,4.735064267450267,23.865783938592717,40
15.328859060402685,9.888294691344614,4.530272842230447,21.583329593617496,40
15.771812080536913,9.19945929985225,4.33171517915083,19.537307488953726,40
16.21476510067114,8.560456535461755,4.1392127761371516,17.704191608124695,40
16.65771812080537,7.967988599633887,3.9525979330540073,16.062560219688322,40
17.100671140939596,7.41892644879844,3.771716391492589,14.592950248547124,40
17.543624161073826,6.910308585876132,3.5964301397587803,13.277712313699004,40
17.986577181208055,6.439338611567853,3.4266202905499235,12.100868563926602,40
18.42953020134228,6.003381745631354,3.2621898813717443,11.047975039584381,40
18.87248322147651,5.599960508082886,3.103066382191042,10.10598995627844,40
19.31543624161074,5.226749730594482,2.9492036293444057,9.263149032656775,40
19.758389261744966,4.881571049528939,2.800582852963331,8.508848751389209,40
20.201342281879196,4.562387014229347,2.657212445614756,7.833538226106289,40
20.644295302013425,4.267294927474882,2.5191261528126185,7.228620121990124,40
21.08724832214765,3.994520519503576,2.386379467787129,6.686360822376322,40
21.530201342281877,3.7424115427247666,2.259044187658316,6.1998097388425,40
21.973154362416107,3.509431361208022,2.137201320898762,5.762727338129788,40
22.416107382550337,3.2941525972267547,2.0209327897234863,5.3695211384543455,40
22.859060402684563,3.0952508865200627,1.9103125925668163,5.015188659584851,40
23.302013422818792,2.9114987844669686,1.8053982258298829,4.695266147199249,40
23.74496644295302,2.7417598569847446,1.706223171808311,4.4057818681515055,40
24.187919463087248,2.5849829826004385,1.6127911335935876,4.143212894186031,40
24.630872483221477,2.4401968857317105,1.5250724653017833,3.90444452746476,40
25.073825503355707,2.306504915676019,1.4430029604612113,3.6867318167783085,40
25.516778523489933,2.1830800810725637,1.3664848837058372,3.4876629059013666,40
25.959731543624162,2.069160345596905,1.2953899111992422,3.305124193708641,40
26.402684563758392,1.9640441873037553,1.2295635111753862,3.1372674405360055,40
26.845637583892618,1.867086421282469,1.1688302509925605,2.9824790225758493,40
27.288590604026847,1.777694283069771,1.1129995459588469,2.8393515303157146,40
27.731543624161077,1.6953237685172025,1.0618714433290415,2.7066578521866944,40
28.174496644295303,1.6194762244835503,1.0152421368534315,2.5833278057155042,40
28.61744966442953,1.5496951837672575,0.9729090123296824,2.468427296033349,40
29.06040268456376,1.485563437067714,0.9346751189795948,2.361139909193003,40
29.503355704697988,1.426700334429994,0.9003530381009294,2.260750792329176,40
29.946308724832214,1.372759308552811,0.86976817751892,2.1666326360593926,40
30.389261744966444,1.323425612497403,0.8427615594331851,2.07823355516132,40
30.832214765100673,1.278414264704041,0.8191921935984907,1.9950666583131675,40
31.2751677852349,1.2374681947864858,0.7989391412118078,1.9167011028968373,40
31.71812080536913,1.2003565843219852,0.7819033810526093,1.8427544431198684,40
32.16107382550336,1.1668733977796844,0.7680095914692855,1.7728860961762591,40
32.604026845637584,1.13683609983363,0.7572079622301472,1.706791769698964,40
33.04697986577182,1.1100845565939543,0.7494761509788875,1.6441987128995506,40
33.48993288590604,1.086480119773777,0.7448215014554695,1.5848616727053702,40
33.93288590604027,1.0659048945094876,0.7432836457145491,1.5285594546440628,40
34.375838926174495,1.0482611934958395,0.7449376207450442,1.4750920066170283,40
34.81879194630872,1.0334711823214402,0.7498976408042212,1.4242779635143816,40
35.261744966442954,1.0214665689770133,0.7583047187506653,1.3759560315761994,40
35.70469798657719,1.0120430723755163,0.770080497038178,1.3300313204692111,40
36.14765100671141,1.0048985159883406,0.7849631611146161,1.286456584792672,40
36.59060402684564,0.9997505853831214,0.802691220852803,1.2451876973464269,40
37.033557046979865,0.9963347259208045,0.8229964196341804,1.206181293615991,40
37.47651006711409,0.9943994830223998,0.8455920320998579,1.1693940982150157,40
37.919463087248324,0.9937025834000739,0.8701621189755312,1.1347825913388763,40
38.36241610738255,0.9940076772904204,0.8963518825247165,1.1023028810173234,40
38.805369127516784,0.9950816865882355,0.923759399478562,1.0719106766786053,40
39.24832214765101,0.9966927237832358,0.9519291383785242,1.0435612753009693,40
39.691275167785236,0.998608562370791,0.9803477900003048,1.017209475057773,40
40.13422818791946,1.0005967473984871,0.9928088852284269,1.0084456996716704,40
40.577181208053695,1.0025059826597111,0.9702800933297537,1.0358021896744753,40
41.02013422818792,1.0043234873060816,0.9494949208888003,1.0623181282638778,40
41.463087248322154,1.0060498229660408,0.9303300006046409,1.087932503124906,40
41.90604026845638,1.0076855836381153,0.9126710680819446,1.1125916784084122,40
42.348993288590606,1.0092313949424312,0.8964118360344229,1.136250066758749,40
42.79194630872483,1.010687913362798,0.8814529519595404,1.1588707666663232,40
43.23489932885906,1.012055825480265,0.8677010271856486,1.18042616269647,40
43.67785234899329,1.0133358471990523,0.8550677270347442,1.2008984864621104,40
44.12080536912752,1.0145287229657296,0.8434689137339999,1.2202803363148826,40
44.56375838926175,1.015635224982526,0.8328238357330068,1.2385751535526386,40
45.006711409395976,1.0166561524156232,0.8230543593317761,1.2557976523977017,40
45.4496644295302,1.0175923305992718,0.814084241087919,1.2719742000049683,40
45.89261744966443,1.0184446102365816,0.8058384424338159,1.2871431412322216,40
46.33557046979866,1.0192138665977708,0.7982424913589106,1.3013550607870465,40
46.77852348993289,1.0199009987167145,0.7912218999200884,1.3146729726368913,40
47.22147651006711,1.0205069285865347,0.7847016506846695,1.3271724232827193,40
47.664429530201346,1.0210326003550336,0.7786057698276776,1.3389414918136189,40
48.10738255033557,1.0214789795206973,0.7728570091865186,1.3500806658930489,40
48.5503355704698,1.0218470521300151,0.7673766636165583,1.3607025694862045,40
48.99328859060403,1.0221378239768228,0.7620845527634429,1.3709315159526374,40
49.43624161073826,1.0223523198043643,0.7568991969339908,1.3809028600416358,40
49.87919463087248,1.022491582510752,0.7517382140299961,1.3907621254220615,40
50.322147651006716,1.022556672358474,0.7465189574533942,1.400663891713848,40
50.76510067114094,1.022548666188599,0.7411594027257098,1.4107704373428063,40
51.20805369127517,1.0224686566402792,0.7355792731430819,1.4212501520667804,40
51.6510067114094,1.0223177513761605,0.7297013729421565,1.432275754895225,40
52.09395973154363,1.0220970723142704,0.7234530722344107,1.4440223773006642,40
52.53691275167785,1.0218077548669393,0.7167678646335612,1.4566655948505638,40
52.979865771812086,1.021450947187296,0.7095869001115768,1.4703795086208096,40
53.42281879194631,1.021027809423843,0.7018603862340799,1.4853349869345158,40
53.86577181208054,1.0205395129836135,0.6935487535598046,1.5016981750959526,40
54.308724832214764,1.01998723980438,0.6846234966294081,1.5196293648783725,40
54.751677852349,1.0193721816363626,0.6750676290429524,1.5392822881571788,40
55.19463087248322,1.0186955393338795,0.6648757256733062,1.5608038642226627,40
55.63758389261745,1.0179585221573397,0.6540535616335093,1.584334393416848,40
56.08053691275168,1.017162347085975,0.642617390597855,1.6100081564348854,40
56.52348993288591,1.016308238141679,0.6305929300058578,1.637954353381426,40
56.966442953020135,1.0153974257243068,0.6180141351069947,1.6682983019296962,40
57.40939597315437,1.0144311459587585,0.6049218475081664,1.7011628099236533,40
57.852348993288594,1.013410640054168,0.5913623984746079,1.7366696428858184,40
58.29530201342282,1.012337153675474,0.5773862354068597,1.7749410184494756,40
58.73825503355705,1.0112119363276593,0.5630466246593117,1.816101074738275,40
59.18120805369128,1.0100362407529007,0.5483984678300464,1.8602772755200558,40
59.624161073825505,1.0088113223408655,0.5334972537968897,1.9076017296062395,40
60.06711409395973,1.007538438552377,0.5183981562772625,1.9582124142772277,40
60.510067114093964,1.0062188483566334,0.5031552770345472,2.012254302002743,40
60.95302013422819,1.0048538116821737,0.4878210280166904,2.0698803964179384,40
61.395973154362416,1.0034445888817403,0.47244564135682704,2.131252687746898,40
61.83892617449665,1.0019924402111977,0.4570767938095833,2.1965430401147183,40
62.281879194630875,1.0004986253226178,0.44175933133400475,2.2659340239620542,40
62.7248322147651,0.9989644027716624,0.4265350797055211,2.3396197065289743,40
63.167785234899334,0.9973910295393479,0.41144272786650593,2.417806412484031,40
63.61073825503356,0.9957797605682747,0.39651777191864196,2.5007134655262404,40
64.05369127516778,0.9941318483133951,0.38179250901343786,2.5885739203862226,40
64.49664429530202,0.992448542307358,0.3672960717713245,2.6816352932334766,40
64.93959731543625,0.990731088740484,0.3530544951691378,2.7801602971424417,40
65.38255033557047,0.9889807300553791,0.3390908090332053,2.8844275880243404,40
65.82550335570471,0.9871987045562088,0.3254251503398379,2.994732525312606,40
66.26845637583892,0.9853862460326255,0.3120748904528347,3.1113879506977486,40
66.71140939597316,0.983544583398335,0.29905477322503515,3.2347249873329296,40
67.15436241610739,0.9816749403442776,0.286377060569683,3.3650938611594947,40
67.59731543624162,0.9797785350063852,0.27405168268145996,3.5028647453154345,40
68.04026845637584,0.9778565796478638,0.2620863905709516,3.648428627970887,40
68.48322147651007,0.9759102803559481,0.25048690898355286,3.802198203367827,40
68.92617449664431,0.9739408367530504,0.2392570881167071,3.9646087853101935,40
69.36912751677852,0.9719494417222372,0.22839905283854592,4.136119241842748,40
69.81208053691276,0.9699372811469327,0.21791334835545018,4.317212949360724,40
70.25503355704699,0.9679055336647638,0.20779908148344842,4.50839876389681,40
70.69798657718121,0.9658553704354386,0.19805405685479646,4.710212006830628,40
71.14093959731544,0.9637879549225425,0.1886749075417802,4.923215461749115,40
71.58389261744966,0.9617044426891432,0.17965721970875984,5.148000378650743,40
72.0268456375839,0.9596059812070653,0.1709956510141696,5.3851874811252864,40
72.46979865771812,0.9574937096797169,0.16268404257925806,5.635427971551499,40
72.91275167785236,0.9553687588783163,0.1547155244220231,5.8994045287337125,40
73.35570469798658,0.9532322509913866,0.14708261432487751,6.177832291742292,40
73.79865771812081,0.9510852994873653,0.13977731016448408,6.471459823032218,40
74.24161073825503,0.9489290089901731,0.13279117578324473,6.7810700431849815,40
74.68456375838926,0.9467644751675918,0.12611542052506183,7.107481128854018,40
75.1275167785235,0.9445927846322835,0.11974097259412642,7.451547364691595,40
75.57046979865771,0.9424150148552946,0.11365854642539568,7.814159939197141,40
76.01342281879195,0.9402322340918692,0.1078587042797223,8.196247673555526,40
76.45637583892618,0.9380455013194081,0.10233191229594324,8.59877767163023,40
76.8993288590604,0.9358558661874026,0.09706859124708005,9.02275587834618,40
77.34228187919464,0.9336643689791629,0.09205916225870385,9.46922753274175,40
77.78523489932886,0.9314720405851761,0.0872940877548561,9.939277500997145,40
78.2281879194631,0.9292799024879093,0.08276390790112782,10.434030473761258,40
78.67114093959732,0.9270889667578873,0.07845927281595978,10.954651011108703,40
79.11409395973155,0.924900236060865,0.07437097082025038,11.50234341747381,40
79.55704697986577,0.9227147036759157,0.07048995299231327,12.07835142793436,40
80,0.9205333535242702,0.06680735429036712,12.683957686269613,40
